Unnamed: 0,content,label
516,swear shakira keeps getting gorgeous  definitely looks gorgeous hair way super curly,0
996,fantastic,0
1277,loves,0
42,check video youtube  br    br    br,1
1360,wan na see many people like comment    39  give month,1
404,hey guys know wan na skip please take chance check music   39  young coming rapper big dream appreciate constructive critisism  please look thank time,1
1278,check video youtube   br   got ta dance blast every time hear song     love   br,1
615,many subscribers compared million,1
864,hi guys check youtube channel,1
354,check new video made called  quot  love mind master  quot   thank u much,1
700,hope everyone good spirits   39  hard working student   39  also passionate singer look foward day make music share   39  covers  check channel    39  done covers miley cyrus  imagine dragons  lana del rey  drake  macklemore  pink countless others  subscribe want  goal   39  become famous inspire fyi   39  spamming  everyone right freedom speech  thanks,1
1408,like comment ur watching 2015,1
395,charlie lost,0
1283,wow,0
1222,tension,0
1395,check playlist youtube,1
1257,damn  everywhere,0
45,personally never abusive relationship  probably never    39  hit women  mom dad used hit mom left  relate   39  writing one moment subscribe hear  every fan counts,1
1363,like comment kill  p,1
1048,korean girl slut bitch  hyuna  33,0
591,subscribed  br,1
268,hey guys im 17yr old rapper trying get exposure  live belgium one speaks english resort gay spam  check 2 latest tracks probably best  audio isnt best im gon na invest real equipment next track  please thumbs others see  hey dont check leave response like  thanks advance  guys part making dream come true notorious niko,1
127,1000000 views near,0
1660,love shit disliked sucks,0
153,check video youtube,1
1285,everyday   39  shufflin,0
1817,also luckymusiqlive probably could help u make big think u talent  look name internet  hit u get message,1
1875,check acoustic channel,1
960,incmediaorg truth meets,1
1649,gf,1
980,check views  holy shit,0
778,love itt ppl check channel,1
806,well done shakira,0
1249,song awesome,0
1794,good thing brought sprayon tan  hairstylist  makeup artist  cameraman,0
679,wow,0
790,wow,0
1725,like mee,1
89,check new hot video dante b called riled,1
620,still amazing song   french kpop parody  please come channel watch  share  suscribe  comment thanks,1
1643,check vids  songs awesome  guarantee,1
1258,party time,0
65,goot,0
413,hey go channel check dongs thanks youtuber   39,1
1209,2015  lt  3,0
948,get free gift cards pay pal money,1
1798,katy mine girl dreams,0
1702,please subscribe every sub gets shout tell type videos u want try make happen,1
451,see song open google type shakira guruofmovie,1
131,sick music sick females,0
198,best song ever,0
1622,yay im 11th commenter      crazy please donate bitcoins  1fhenqx1twqm153v2ptayiejnealahzvem,1
1119,follow company twitter thanks,1
981,dear person reading  beautiful loving great day,0
1719,subscribe please,1
83,check video youtube,1
299,love video,0
1424,check video youtube,1
1138,first billion viewed thought really cool  billion half came see stupid first billion,0
1884,6th grade teacher looked exactly like katy perry come think,0
950,follow twitter  amp  ig  killuminati94,1
1883,love music,0
680,love,0
1707,best best video world,0
835,hey guys  im 12 yr old music producer  make chiptunes 8bit music  would wonderful checked 8bit remixes  even gangnamstyle 8bit remix would like check   thanks,1
1292,funny listen rock death metal  like,0
1435,check playlist youtube,1
872,viewed youtube video time,0
204,know maybe one read please type  quot  deazy99  quot    39  rapper dream  know must see like millions everyday please check music subscribe   39  like thank  would love nothing decent following youtube people anyone reading could give  quot  thumbs  quot  might see simple button press could make dream come true  thank time  amp  may god bless,1
887,coming check people still viewing video  apparently  still,0
1692,shit,0
569,loved song teenage years,0
1036,dont see comments mine,0
1093,psy news offıcal,1
1172,best song ever hire  br,0
505,love,0
1553,good song,0
375,friends wife earns 4000dollars month  want wwhore  get type wages working home pc taking surveys  dont believe shit  yahoo taking money mean legit  please like msg gets thru vulnerable people like eminem used,1
1503,check video youtube,1
1229,give like,1
195,bad realtionship like lol,0
415,hate eminem nirvana  trust,0
934,somebody wake get 3 billion views,0
673,believe jesus christ savior sins  truly believe jesus christ savior sins go heaven  believe jesus christ saved salvation gained god ’ righteousness  matters much sinned past  present especially future  believe jesus christ savior go heaven forever whole truth  spread truth,1
485,felt old realized song 5 years old,0
1195,check video youtube,1
473,like,0
852,come follow watch stream,1
594,check video youtube,1
1084,hi guys name dylan irl football videos 1030 subscribers think guys would like content come check subscribe,1
1682,katy perry part katy perry firework katy perry  love,0
874,psykorean,0
1136,subscribe call duty vids give aways goal100 subs,1
751,earn money online 0 efforts  bitly14gkvdo,1
1573,song awesome  guys best  love video hilarious lol  im getting popular fast rap meaning  thumbs piss next water toilet doesnt make noise,1
1403,check playlist youtube,1
701,please visit web  wellcomemdblogfacom,1
573,best world cup offical song,0
248,subscribe pls emi̇nem fans,1
935,psy got lots money youtube got 2 billion views views world,0
184,past christmas dad passed away  help cope picked pen paper started write  little know nearly 9 months ago would bring   39  today  7k subscribers 500k video views  wrote released song yesterday friend mine tried commit suicide several times    39  promise professionally produced music  promise real lyrics  click picture  thanks  thumbs others may see,1
58,subscribe clean eminem,1
1071,watching 2014,0
1276,miss song,0
194,need youtube subscriber mail hermann buchmair fb,1
1076,1 million dislikes  epic fail  ready fanboys,0
1067,get  came views,0
719,part 5 comforter afflicted  pray us help christians  pray us queen angels  pray us queen patriarchs  pray us queen prophets  pray us queen apostles  pray us queen martyrs  pray us queen confessors  pray us queen virgins  pray us queen saints  pray us queen conceived without original sin  pray us queen holy rosary  pray us queen family  pray us queen peace  pray us,1
665,want new song,0
352,eminem fans     check new song  quot  feelin   39  good  quot  jdp click  quot  ghostpoet100  quot  link post thank,1
758,subscribe pagee please,1
1544,like comment  guys started new channel get 200 subscribers tonight ill  20 paypal giveaway like comment friends see others also entered go,1
1160,superr,0
897,check channel  please,1
775,hicheck share songs,1
230,want smack year boy forever,0
1482,check video youtube,1
121,hay dakota u earned subscribee,1
78,fuck cheats megan fox,0
599,pleas subscribe channel,1
76,like comment type 1337,1
1862,champion  gon na hear roar   today champion today champion creator today positive world today blessing healing around today successful creating success,0
695,hi  check share songs,1
655,beutiful,0
1197,remeber good ol   39  days songs   39  butts,0
378,hey mes   39  young coming rapper wan na get music heard know spam wont get fame  moment got way getting little attention please favour check channel drop sub enjoy  im getting started really appreciate take time leave constructive criticism already got 200 subscribers 4000 views first vid ive told potential,1
1697,lt  3 katy perry,0
1773,visit channel,1
1386,check video youtube,1
181,check eminem  amp  kid cudi h watch  vxytcq5nzmua,1
681,like love much people friends  love shakira,0
860,video get 2 billion people checking hit 2 billion yet,0
971,please give us chance check new music video channel  disappointed,1
73,check eminem  rap god lyric video,1
845,check channel please  listen best music ever  p,1
1493,check video youtube,1
1530,everyday   39  subscribe,1
1731,hear time radio really irritating  said  like video,0
1897,katy perry   décio cabelo    decio hair   60 years age   family   single  alone  homeless  alcoholic  15 age 46 invisible composer  dream record songs  could help  please  please  trust give chance  109 videos youtube  deciocabelo canal  katy perry  born october 25   thank much    decio hair,1
738,wow muslims really egoistic  23  world population video donating 1 dollar poor ones africa   shame terrorist muslims,1
22,love song    39  believe 5 years ago    39  get old though,0
1273,like robot shuffles shuffles good,0
1806,hey katycats  releasing movie midnight uk time celebrate katy 30th birthday  sure subscribe channel watch movie,1
1006,liked video youtube,0
1475,check video youtube,1
1852,lets honest  last 1 day jungle  stop living n fairy world,0
1238,4 fucking years fucking past fucking fast fuck,0
1142,party rock  lol  wants shuffle,0
763,subscribe   subscribe back,1
480,check video youtube,1
1367,check video youtube,1
976,funny thing  1700000000 views spam bots  mean cmon 2 billion views  bs,0
1566,watch sound,0
712,always goose bumps part,0
1738,like page yo,1
1240,39  watching summer 2015,0
765,really ask nicely view vids   subscribe back,1
303,u love rihanna subscribe,1
1535,subscribe,1
388,check youtube videos funny cool rap,1
255,working hard past 60 days improve writingrecordingmixingperforming 16 bars everyday im whole year  365 days  today   39  day 60 today work hard   39  2 verses everyday improve   39  going way 365 please subscribe channel help build fan base  watch improve  help get closer dream   39  lyrical keep real   39  leave promise   please subscribe please like commment people see,1
910,please subscribe new youtuber need help please subscribe subscribe back  hoppa hoppa gangam style,1
1483,dear friends please subscribe channel glad see virucide,1
1112,shitty chinese government block youtube  would close 3 billion views right,0
391,lovet,0
1487,want sub  tell channel subscribe  couple exceptions,1
221,charlie lost,0
1764,anyone loves music  please go check youtube page tell think  put video song  trying get started  love much appreciated,1
524,love shakira  br,0
750,wan na laugh    please subscribe channel,1
28,exactly u want  watching favourite rappers tv,0
1232,mindblowing dance    superbbb song,0
1592,hey guys  small youtuber upload videos nearly every single day  hope like shikas please give 2 mins life view channel  new video watch anime free  pretty sure wont regret visiting channel  thank,1
1657,check videos please  hate   give one oportunity,1
147,check video youtube,1
1673,looooooooooooooooooooovvvvvvvvveeeeeeeeeeee ittttttttttttt,0
1001,p e c e  amp  l v e,0
1466,check video youtube,1
1834,love katy perry sing nice shakira,0
554,wow  5 years  br,0
304,check music video chanel,1
347,hi everyone  duo starting record freestyles put youtube  could check likecomment would mean much us love  may best recording equipment listen lyrics rhymes think   39  like  please subscribe share love making videos want like much possible feel free comment give us pointers  thank,1
1847,song boring  asinine song ever heard  coming guy liked  teenage dream   song   ever since katy perry divorce wave wave shitty successful songs  saying  next wave pop music   stick ass  katy perry like silly putty,0
1777,hey guys  working last night project  music streamer like spotify  allows download files listen offline  opening free beta  feel free try   download    ehvjzkya  5bgkg2iwphzohwaeuesrwnegqglabco7rw9wfx8hao,1
1827,love,0
1090,4snjqpthqbeum69aqup1ihfphgk5zllsvdqv0zuf0mb  lnuj  ufth4yokfrxyts2zvrrp6qgtw67y  l551h  f7vlczzrg8vgctlpsd9ongewhj8gibu  s3lzmvy  iq2  twsfzz9whn7jusvhufpglqrzczl05fnphagevb3x8ydmc6x  jtcjnmho  vfxwcjzyvwobihrngx2ocjng2pg1evhxzyjdo3hry6f57sprnd2xv  bzszz  8bpsa390875584405933391725794320912  type1  amp  theater,1
753,adfly kld3y,1
905,said video deserve 2billion views  keep visiting watch viewer,0
730,hey youtubers music lover   39   guess skip comments  still reading  thanks  dont money advertisiments  chance getting heard  nothing    39  left spam  sorry  im 17  rappersinger estonia  please listen new cover account  wont regret  give chance  please  take half second life thumb comment  maybe change life  real  thank wafence,1
639,guys check extraordinary website called zonepacom  make money online start working home today  making  3000 per month zonepacom  visit zonepacom check  meat discusss successful memory  peaceful unit arbitrate guide  addition designs worried loss,1
1755,tattoo right tricep say,0
825,please like,1
114,check new hot video dante b called riled,1
635,message  gta v  20 fifa 14  15 ps4  200 galaxy s4 mini  250 ipad 4  200 visit site hhnl,1
882,whats everyone      trying showcase talent world  3000 subscribers  promise  dont suck  please spread covers around  subscribe  amp  share  thanks much support  lucas trigo stay awesome,1
1357,subscribe channel please lol pro plays,1
300,hello   39  bulgaria,0
912,weird video,0
394,know may want read please   39  87 cypher 11 year old rapper skill people said stuff   39  good new stuff good please check current songs comment like thank reading rap life,1
10,help get 50 subs please,1
333,okay trust   39  favor  need check guy named columbus nelson youtube,1
1406,help get 10000000 subscribers tomorrow   br    br    br    br    br    br    br    br    br    br    br    joking   39  get butt hurt,1
951,check gaming,1
799,omg facebook old  check           gt  swagfriends com make thousands cool new friends everyday  join movement,1
900,plizz withing channel,1
1663,great video great artist katy perry  admire creativity  check channel nonsense mobile tech reviews comparisons well iphone 6 6 plus review comparison,1
867,subscribe,1
1233,anyone else think video theme bit insult 28 days later,0
922,0 zero,0
1239,know old song  like  watching 2015,0
1819,put famous people jungle hour look happens,0
805,sooooo beautiful,0
688,wow,0
64,check video youtube,1
1637,follow    gt,1
94,hey everyone    39  dakoda bigelow    39  17 year old singer  rapper producer    39  gained 490000 views far really need views  likes subscribers order make  check brand new music video song gone  also check new song called deaf  moments time would greatly appreciated   39  regret   please thumbs people see  thanks support,1
145,love,0
54,eminem rihanna sing song well,0
367,lem top comments please,0
186,love way lie featuring rhianna  hes awesome rapper    shes awesome singer,0
1765,tiger called katty purry,0
742,hello everyone   know probably pass kind comments  still reading  thanks  ’ money advertisements  chance getting heard  nothing  live small town  comes spam  sorry  ’ instrumental songwriter columbus  mississippi  please go channel check original music  would highly appreciated thumbs comment music heard  thank  adam whitney,1
1052,hey everyone  new channel post videos book reviews music flute  please subscribe would enjoy  thanks,1
995,get money,1
1291,love guys  love song,0
1051,cmon 3 billion views,0
1164,nice girl,0
1390,subscribe channel,1
614,really love watching football also ’ started making income financial risk acquiring bonus deals  ’ weird technique wager something one bookmakers bet betfair  secure bonus income  chap named jim vanstone finding wagers free website vanstone secrets  google    ’ made 500 quid thus far  costfree  guess bookies pay obtain new consumers  yet actually works,1
88,check new hot video dante b called riled,1
926,suscribe channel please,1
1840,οh god  roar liked video vevo  2 months ago justin baby  congrats katy  applause  lt  3,0
335,adam b beats check page 2013,1
1743,download rapid facebook free,1
1662,video inaccurate  tiger would rip face,0
357,love way lie ii nicer opinion,0
450,love,0
746,wan na earn money online without investment  visit link  thergloveblogspotin201308blogpost10html,1
1243,favorite song ever love party rock everybody,0
417,check playlist,1
1684,see  human folly right,0
1504,white people going extinct information subscribe channel search videos  quot  white genocide  quot  thank,1
930,psy  gangnam style   mv,0
1254,like much music  good,0
338,please read      hey everyone    39  19 year old student loves sing  record upload covers channel  would love could check  give chance    39  thumbs subscribe  like hear  listen    39  really appreciate  thank time,1
1786,tiger succumbs beautiful girl  probably male tiger      hahaha,0
1339,likeeeeeeeee,0
1891,qt4q1jb1,1
1062,little psy suffering brain tumor 6 months live  please pray best lucks,0
1836,love katty perry,0
1261,put picture image thingie,1
568,believe soccer promotes terrorism  bad choice  shakira,0
476,best song world,0
609,pleassssssssssssssss subscribeeeeeeeeee channnnnnelll plzz,1
1373,check video youtube,1
1783,hi  would appreciate could help like poster facebook,1
832,checking views,0
895,please halp project,1
1174,party rock anthem love  party rock anthem life,0
937,got ta say funny  well 2 billion worth funny still  clicked everything went uphill  least jb shit  1,0
418,media evil  please see share  w w w farrell report  net top ex uk police intelligence analyst turned whistleblower tony farrell exposes horrific monstrous coverup perpetrated criminals operating crimes inside mainstream entertainment media law firms  beware protect children   devils brutally target innocent people  real criminals linked london   39  77 attacks 2005 must see make viral    also see uk column video 31st january 2013,1
1331,shuffled listening song  illness spreading,0
823,started reading stop  subscribe within one day entire family die want stay alive subscribe right,1
789,hi johnny  1 already know music  thumb  found way   2 want hear original songs completely made 1 person  continue reading  sing  write original musiclyrics  amp  play guitar  bass  drums  amp  keyboards    39  1manband  music completely independent  amp  100  listenersupported  want hear  amp    39  willing help record new album  click namepicture  thank  amp  enjoy music  wish awesome day,1
1244,1000000000 views,0
766,facebook lame 2004  check       swagfriends com make thousands cool new friends everyday  join new movement,1
1547,hey   39  british youtuber    br   upload weekly    br   would mean world could subscribe    br   thanks  joyce    br,1
1787,best song ever,0
1859,people  new network like fb  register also free  difference get paid sharing  commenting liking posts one  waste time fb sharing paid   register make also money everyday posts   wellcome everyone,1
1060,2 billion views song annoying,0
1186,love video song course,0
953,reminds song,1
1529,check video youtube,1
218,guys check extraordinary website called zonepacom  make money online start working home today  making  3000 per month zonepacom  visit zonepacom check  loud authority improves canvas  mother repair uppity learning  substantial cook derives harbor,1
1009,lol  dunno joke gets lot likes  whatever  xd,0
408,check channel lyricism,1
128,guys check extraordinary website called firepacom  make money online start working home today  making  3000 per month firepacom  visit firepacom check  lake  chillpal  sturdy  astauand  johackle  chorenn  ethosien  changeable  public  noxu  ploosnar  looplab  hoppler  delicious  false  scitenoa  locobot  heartbreaking  thirsty  reminiscent,1
580,love song expect world cup,0
1768,follow twitter  freyacumqueen,1
1853,segue ha,1
1523,3m subscribers look views 700 million wtf  p,1
1115,limit sun exposure driving  eliminate hassle swing car visor windshield window,1
911,sub dont like song,1
619,hey  tried  quot  dribbleproshot  quot  yet  search google  website find useful free video demonstrating right way enormously improve soccer football skills time  transformed fausto substantially better footballsoccer player  amazement team mates  hopefully works,1
859,check back often help reach 2x109 views avoid watching baby,0
1654,great mother jungle  sweet natural  like videos,0
1400,br   please help get 100 subscribers end night  thx,1
549,waka waka,0
755,hello everyone   know probably pass kind comments  still reading  thanks  ’ money advertisements  chance getting heard  nothing  comes spam  sorry  video animator  trying make video animation industry  please give chance prove  please visit channel  subscribe like thumb comment  everyone see  thank,1
34,check video youtube,1
1580,hey everyone  watch trailer,1
884,hi therei group leader angel  rookie korean pop group  four members  chanicka  julie  stephanie   leah  please feel free check channel leave feedback cover videos   criticism welcome know top notch singers please come leave constructive feedback videos  appreciate chance improve auditioning korean management company  plan auditioning jyp  bighit  jellyfish  yg sm  thank taking time day read,1
1872,check mah girl duh shit yo,1
1072,viewed video youtube  daaaaaaaaaaannng views almost dominate entire  china,0
769,hey youtubers  really appreciate took time  read  19 year old boy wants successful musician music world  dont money advertise channel  could visit channel  comment video subscribe  would great  seconds life  thank u people gave chance l really appreciate,1
1272,else saw jesses dancing sorry spelled wrong peace,0
694,hey check new musicvideo   39    39  life   39  celebration   39    39  peace,1
1032,reach 3 billion views december 2014,0
612,beautiful songs please subscribe,1
1823,love relate daughter music     katy perry  roar  official,0
913,8 million likes xd even subscribers 8 million xd,0
157,5 years still dont get music video help someone,0
432,hi im 14 year rapper support guy check channel check song might like also follow twitter follow back,1
1605,hello  marian  singer venezuela  part boygirl band named cubik  singing cause wanted play pop poprock songs  would mean lot could look channel check music watch new video   u like  subscribe  xoxo thanks   ps  like lot channel  share friends   haha   lol marian,1
1263,song insane  br   dance listening song    lol,0
1711,son love much,0
1320,like steps,0
918,hey guys please check new google page many funny pictures  funnytortspics,1
84,wow justin bieber better thats buys medication always shares half wited money alfred sadly enough attention hog swamp ass eating disorder filled sassy mice  flaming hot cheetos eat power samurman,1
1865,like song animals like song,0
478,good song,0
916,song never gets old love,0
502,lamest world cup song ever  time africa  mean africa    39  live aid event something  made seem like charity case instead proud moment  ricky martin needed  smh,0
144,awesome song ever,0
906,subscribe itz recaps diddle,1
1324,2015 still shuffling song,0
1678,katy voice gold  video really brings lyrics life  rapper 25000 subscribers  thumbs hate take shit water splashes nuts,1
958,ஜ۩۞۩ஜ ஜ۩۞۩ஜ,0
1539,check video youtube,1
1130,free apps get 1m crdits  click link download app done   · link,1
56,check video youtube,1
757,hey youtubers  really appreciate took time  read  19 year old boy wants successful musician music world  dont money advertise channel  could visit channel  comment video subscribe  would great  seconds life  thank u people gave chance l really appreciate,1
102,megan fox eminem together video doesnt get better,0
603,subscribe win cap  br,1
616,absolutely adore watching football plus ’ started earning income risk claiming bonus deals  ’ weird technique put money something one bookmakers put money betfair  acquire bonus income  lad named jim vanstone selecting wagers free website vanstone secrets  google    generated 600 quid far  ’ free  assume bookmakers pay get new men women  succeeds,1
1256,feel like gangnam style copied song,0
146,long paragraph check song called  quot  fire  quot,1
621,subscribe feed,1
1480,href    please donate help pitbull please    need 50 dollars take vet,1
862,get gwar play 2015 superbowl  share,1
385,still listening 2015,0
328,hey  everyone please take moment read  work ass hoping make music industry hard  get people hear ’ money advertisements exposure young artist dreams goals like everybody else please take 30 seconds visit channel ’ like   give chance prove talent also  please take 1 second life thumb comment would super helpful,1
1701,hey guys plz check youtube channel c funny 2 girls 1 cup reaction thanks plz subscribe  thanks,1
515,love,0
858,plz subscribe channel subscribe back xx,1
627,plz wilsubscribe frndzzl subscribe u back,1
1137,hi guys please android photo editor download  thanks,1
207,hey guys    ignore  please  give chance  name yuliya  make covers  started getting serious youtube september 2013 ’ great challenge  dream become singer  youtube helps keep  please give chance thumbs comment people see  swear   39  appreciate  subscribe please    love    xoxo,1
1850,looks real daughter big fan likes lot songs,0
74,love song,0
1399,omg first video youtube hit 1 billion views like comment agree,1
1161,2015   llikee,0
1552,good video,0
692,hey music fans really appreciate take time read  check music    39  15 year old boy dreaming successful musician music world  lots covers  piano covers    39  money advertise  simple thumbs comment  comment videos subscription would step forward  seconds life   39  regret    thank u people give chance,1
1336,like  br,0
1054,subscribe chanel,1
1801,love song roar make think fill way,0
1444,check playlist youtube,1
1255,beautiful song,0
431,subscribe channel watch  vnxk32i0hkds,1
1650,subscribe,1
1651,346 cute,0
1489,subscribe   39  subscribe back,1
1224,2015  br   like video,0
705,beautiful song beautiful girl works,0
1882,katy shit go die      roar floooooooooooooooooooop,0
954,free gift cards  go,1
414,megan fox,0
973,best  funny viral video history  youtube  true,0
837,dont even watch anymore come check 2 billion,0
1008,hello  kind new youtube  soon soon going making launchpad video   would really appreciate got subs started people spot easily  dont really care hate comments dont bother,1
513,super music,0
509,omg listen soo good,0
1146,song really fun,0
1578,hey guys  please join fight help abusedmistreated animals  fund go helping pay vet billsand helping find homes  place extra emphasis helping disabled animals  ones otherwise would put sleep animal organizations  donate please,1
1175,stop  top 1,0
929,great music anyway,0
1671,katy perry looking soo pretty damn cute,0
1153,best song ever,0
20,song rape cheating  br    br    br    br    br    br    br    br    br    br   basically,0
1644,love katy,0
491,song sad,0
1710,really like song,0
1279,man song really get bones  one minute   39  nearly dosing sleep  next   39  shuffling like crazy hot feet xd,0
1562,ooooo shuffllllllllllllllllllllllinnnnn,0
1564,learned shuffle,0
1265,thumbs robo guy baby,0
189,every collaboration  know number 1,0
654,subscribe       love song       love football,1
1080,reach 100 subscribers go round public pouring bucket ice water people running away acting like  like people see,1
1604,votekatyperry 2014 mtv  vma best lyric video  see lead vote,1
1310,love,0
590,aunt love song,0
1085,get 300 subscribers tomorrow epic hunger games video,1
1025,shit still relevant,0
1545,check  hood doh  flixter nossnevs,1
211,sneakiestg good music  hood muzik subscribe 2 channel  thanks support  sneakiestg sneakiestg good music  hood muzik subscribe 2 channel  thanks support  sneakiestg,1
1820,kinda let go  huh,0
876,video youtube get much views want see much views  1000000 every day  mean  people think video popular actually gets 1000000 views,0
1844,damnnnnnnnn  sexy oo,0
1134,2 billion views planet  lol,0
1165,remember back popular everyone school shuffling crazy,0
530,shakira beautiful  lovely  lively  love,0
488,really madly love woman,0
842,check dubstep song  fireball   made fruity loops  really took time  watch  vteloa6rio8o,1
1056,lol,0
1349,youtube collaborator   39  anyone  subscribe    39  subscribe back  also start uploading youtube videos   rel  nofollow  class  othashtag  href     lmfao,1
409,big sister like,0
780,adfly  kld3y,1
1599,hiya started youtube would mean lot could subscribe watch first video  xx,1
193,guys check extraordinary website called zonepacom  make money online start working home today  making  3000 per month zonepacom  visit zonepacom check  jelly activates reflective distribution  normal top synthesizes opinion  victorious plant entertains language,1
1454,check playlist youtube,1
1771,vote katy emas   katycats,1
23,omg looks like piece mirror harry potter deathly hallows  br   either house   sirius black,0
1863,nowplaying  weekendmix  track 04  katy perry  roar  dj denis shmelev  amp  dj alex serov remix  listen live  wwwsmartfmnllivestreamhtml,1
992,subscribe plz plz plz plz plz plz,1
116,yo know nobody probably even read   imma type way hope least one person   39  rapper dream  know   39  like 200k world please check music subscribe  want  thanks  would love nothing decent following youtube  anyone  reading could press  quot  thumbs  quot  people see simple button press  could make dream come true   thank,1
1398,like comment reason,1
1079,get 100 subscribers  summon freddy mercury ghost whipe face earth one direction miley cirus,1
1569,everyone please subscribe channel go look videos,1
1669,really understand 600 million views lol  hating anything  confusing,0
749,make money,1
1030,hate music  fucking singer every koean chainise ana us sucks dick,0
1355,39  watching 2015 subscribe,1
1877,please open link vote anand niketan international school  project name project fredom share friend,1
735,know people makes another account subscribing liking,1
1715,free itunes  25 giftcard codes,1
495,coby usl past   br    href    1hmvtx  br   delete space,1
989,saying,0
706,shakira,0
1105,hey guys check channel plz  mine craft videos  let shoot 20 subs,1
1809,song never get old  lt  3,0
945,add,1
462,love song thumsb,0
564,wow,0
949,check pivot animations channel,1
1795,666002018 views  666 million  666  katy perry illuminati confirmed,0
1011,gangman sty  dddddd  drop bass,0
493,best fifa world cup song sure,0
1812,wwwyouniqueproductscomjoannagordon younique joanna gordon wwwyouniqueproductscom,1
1122,girl train dancing  outfit fucking sexy  huge turnoff lacked eyebrows,0
1356,come subscribe,1
731,want make easy money  check page tvcmcadavidweebly  com dont miss opportunity give thumbs would apprecitate,1
1204,love lmfao party rockin keep going,0
315,freaking sad,0
1785,yesterday video 1 million likes 2 million,0
247,charlie lost,0
1471,check video youtube  hjalp,1
785,facebook lame 2004  check       swagfriends com make thousands cool new friends everyday  join new movement,1
1679,started hating katy perry finding stole ideas videos old comic book  yet  music catchy,0
901,made gaming channel  unique right    l angry minecraft,1
1822,sign free tsu start making money social media addfollow ill add follow,1
1337,gooooood,0
651,check bass cover hips   39  lie shakira,1
1129,please buy new christmas shirts  buy time december 4th sold worldwide  miss,1
265,love song moon  gt  3 rocks,0
1047,video youtube get many views likes  gangnam style  problem  understand phenomena behind  like random music video,0
314,girl megan fox,0
1187,check video youtube,1
13,perfect example abuse husbands thing   39  feminist definitely agree song well  see someone   39  going die  sayin,0
810,shakira u wiredo,0
1874,hey yall real kevin hart  shout fans    follow realkevinheart,1
330,almost billion,0
1158,increidebl,0
1835,facebook account hack,1
601,cool song check animal trafficking petition  br    href,1
170,eminem  rihanna,0
519,best,0
855,1884034783 views  pls  comment view count next hour  p,0
139,wonderful,0
677,voice wow,0
455,many disliked,0
1303,wait saw kid kidding,0
924,2 billion views  holy shit,0
1753,nice song see new track,1
118,watch videos subscribe,1
38,check playlist youtube  chcfcvzfzfbvzdr,1
786,please check send others freedom justice line  please google  steven l reed case lands supreme court  thanks,1
406,like music  anyone listening lyrics,0
1057,pause 139 last millisecond see chick laugh  takes tries,0
1315,best partying,0
1364,check video youtube,1
618,hi  heard dribbleproshot  search google  web site watch smart free video featuring best way significantly boost football aka soccer skills time  turned nick much better football soccer player  team mates definitily amazed  hope help also,1
1829,plz subscribe channel need subs sub back need help,1
168,megan fox  similar,0
863,pls follow channel,1
963,2 billion,0
1585,hey guys glamour beauty  started youtube channel please go check  going post singing videos also random videos fell like  please go subscribe  come soon   remember subscribe,1
108,check em   39  dope new song monster  watch  vw6gkmxny2m mmlp2 ftw,1
637,paid respond fast paid surveys home enabled give working make 4500 bucks monthly  read go web site bitly1bsefqe,1
1,always end coming back song  br,0
999,wow 23 min ago,0
1121,hey come check us new youtube let us know think forget subscribe thanks,1
886,admit came check number viewers,0
1636,gon na hear roarrrr,0
1038,remember everyone obsessed gangnam style,0
1245,lets get 1 billion,0
759,please subscribe page  thanks,1
1368,check video youtube,1
558,like,0
1182,nice,0
266,hello  i̇ azerbaijan  br,0
1623,love song  it´s empowering every woman    you´re gon na hear roar,0
1589,subscribe please,1
166,eminem king rap micheal jackson king pop also wan na go hard wan na person first class fame check authenticviews  com famous within days   yo,1
761,hey guys girls check comedy recipe hilarious tube videos  pranks  crank calls,1
219,guys check extraordinary website called zonepacom  make money online start working home today  making  3000 per month zonepacom  visit zonepacom check  burst render symptomatic bite  knowledge briefs narrow thought  eager sky transmit crush,1
463,waka best one,0
1027,say  song change world completely  good job psy   girls awesome,0
727,shakira,0
1668,boooobs,0
1430,check video youtube   br    br,1
1593,please join voice liked shared please win audition score  thanks much,1
1000,super,0
444,nice song,0
1140,wierd funny,0
200,still watching 2015,0
791,love song,0
1205,best music ever,0
956,follow twitter,1
1841,hi everyone  like music  check music channel  lexis band uploading songs covers soon miss  please subscribe help us lot  takes one click    gt,1
273,songvideo trigger   39  good,0
174,guys check extraordinary website called moneygqcom  make money online start working home today  making  3000 per month moneygqcom  visit moneygqcom check  flimsy slip facilitate manager  noise set goals anxious regret  actually loss retrieve smile,1
678,shakira,0
1460,check video youtube,1
1267,best party song literally party rock housee tonight,0
1721,friend mine invented big dick formula  small dick  4 inches  research topic  research  found secret knowledge penis enlargement  applied learned 7 inch dick  absolutely amazed results  course  took months  therefore  written book issue order help guys  asked promote book    guys interested info check  selling symbolic £1  thank,1
163,guys check extraordinary website called moneygqcom  make money online start working home today  making  3000 per month moneygqcom  visit moneygqcom check  innocent woman prioritize desire  flight searchs sad polish  tax zip omniscient record,1
39,check playlist youtube,1
1327,cool,0
1735,awesome xd,0
222,hell song already five years old   remember first came  jam,0
1797,illegal goodlooking babe,0
1674,telephone,0
1069,hey  join tsū  publishing platform share content,1
1861,like song video goes perfect,0
1271,lmfao best,0
711,song never get old,0
540,love song  amp  love shakira  lt  33333,0
1457,check video youtube  الإعلانات  br    br    br    br    br    br   لل,1
287,ladies        gt   gt  broken heart want understand guys better check underground book called power pussy amazon  best book ever us girls  oh  warning   39  18  lol,1
1680,song 629 million views 7 million people world,0
879,plz check fablife  welcome fablife diys challenges plz subscribe thx,1
1591,subscribe channel,1
1352,check playlist youtube,1
1318,best song ever,0
1816,fucking hate   write songs got producers  second tha fack every song almost nude mayby attention hooker,0
939,dance dance      psy,1
1898,honestly speaking except taylor swift adele lile modern day singers  must say whenever hear song feel goosebumps  quite inspiring   thanks miss perry,0
792,love song,0
581,good times,0
889,check channel,1
441,3 yrs ago health scare thankfully ’ okay  realized ’ living life fullest  ’ mission everything ’ always wanted  found going die tomorrow would happy ’ accomplished would regret certain things  sorry spamming ’ trying motivate people things ’ always wanted  ’ bored come see ’ done far  almost 1000 subscribers started,1
1726,katy beautiful  song catchy  rapper 25000 subscribers  thumbs hate take shit water splashes balls,1
1366,check video youtube,1
282,check page adam b beats 2013,1
771,hey music fans really appreciate take time read  check music    39  15 year old boy dreaming successful musician music world  lots covers  piano covers    39  money advertise  simple thumbs comment  comment videos subscription would step forward  seconds life   39  regret    thank u people give chance,1
1049,hey guys  check  kollektivet  slappin  penis  think deserve much credit receive,1
1128,bing rewards  earn free money  u cant get ur virus blue,1
8,aslamu lykum  pakistan,1
98,gon na stand hear cry,0
529,like,0
1778,man hot one  male companions visit profile check coolest sextoy ever made,1
1752,song addicting  hook dope catchy  love video  getting popular fast rap real  thumbs piss next water toilet quiet,1
798,never forget song life like comment hearing song like year,1
209,every single one songs brings back place never go back hurts bad inside,0
1426,los invito subscribirse mi canal,1
1537,hahaa dance tightttt  br    br   know   39   quot  …ain   39  got time demo man  quot  check stuff  br    br   slappers slappers bangers  click link peep game  enjoy   br    br    href,1
1251,came vanoss,0
1007,still watching 2 years later,0
667,shakira,0
1730,nokia spotted,0
1152,2011 last year decent music,0
1415,check playlist youtube,1
459,every time hear song  think iniesta   39  goal netherlands,0
1369,check video youtube  fb,1
86,near one eminems actual best songs  real fans know im talking  untitled  cold wind blows  welcome 2 hell  elevator  business  wtp  almost famous  25 life  rock bottom  apologies  song dance  without  way  toy soldiers  mosh insane  lt  songs top head   39  better,0
1538,check music niggas,1
1295,favorite song,0
1879,hii youtube,0
1225,music yeah,0
1464,check video youtube,1
623,hey guys whats  found app lets get free gift card vouchers like psn cards  xbox live cards even amazon gift cards  free  simply download app app store  called juno wallet  sign app complete surveys download free apps get money like 10 cents  also  type code im2458444  also start  025 free,1
373,eminem new song check videos,1
1608,ima rapper trying get notice please check mixtape datpiffcommixtapesdetailphp  id633807,1
80,love music,0
577,like,0
122,listen  check andrew guasch  crazy  sick flow    39  dope    39   like subscribe   ill aftermath tde soon enough  one love  peace,1
977,oppa  lt  3,0
841,sub channel reason,1
1587,please check stuff  make feedback,1
172,nicei,0
1109,check music videos  fuego  u la la remix hyperurlcok6a5xt,1
1417,subscribe  span class  proflinkwrapper    span class  proflinkprefix     span   class  proflink  href   oid  104999962146104962510   supermariologan    span  thot robot dudes r epic awsome,1
537,waka waka,0
1441,check playlist youtube,1
31,39  love someone soo much  love way u lie,0
703,perfect,0
1885,curti  click,1
1387,please subscribe channel  thanks,1
9,eminem idol people españa mexico latinoamerica,0
1876,know someone see dream… ’ greatest videos best quality right feel like getting anywhere need help could possibly watch videos means world please thumbs others see… appreciate much please listen hate  honestly appreciate much ’ love give 17 year old chance,1
6,go check rapping video called four wheels please,1
1498,check video youtube,1
1111,wwwmarketglorycomstrategygamelordviperas,1
461,love song much  lt  3  br   keep em   39  coming,0
457,love song,0
423,check new em cover video trailer,1
458,wery good,0
843,2 billion  coming soon,0
449,best world cup song ever,0
787,nice meet  johnny  1 already know music  thumb  found way   2 want hear original songs completely made 1 person  continue reading  sing  write original musiclyrics  amp  play guitar  bass  drums  amp  keyboards    39  1manband  music completely independent  amp  100  listenersupported  want hear  amp    39  willing help record new album  click namepicture  enjoy music  wish awesome day,1
1376,check playlist youtube   br    br,1
962,found song,0
1289,cool song ever good thing,0
187,eminem insperasen fav,0
1895,song means much thank soooooooooooooooooooooooooooooooooooooooo much    xxx,0
1361,please   39  like comment watching 2015,1
1298,awesome,0
233,love song,0
816,watch  vvtarggvgtwq check,1
1035,funny thing song made 2009 took 2 years get america,0
1811,hey  know people like kind comments  amp  see spam  see free advertising  please check cover sparks fly taylor swift  best ever know  maybe encouraging words wisdom many become better  please go channel check,1
1228,likkee,0
1502,check video youtube,1
410,bad,0
1826,hear katy singing  cry  song got depth,0
162,guys check extraordinary website called moneygqcom  make money online start working home today  making  3000 per month moneygqcom  visit moneygqcom check  metal drews reflective effect  expansion intervene hilarious bit  sneeze witnesss smoke,1
1597,really love video,1
1242,i´m shufflin still today,0
839,everyone please come check newest song memories martin luther king jr,1
1602,download make money today,1
1217,wow love,0
811,shakira best dancer,0
1425,subscribe chanell,1
405,love songs  br   supper cool  br,0
625,waka waka   check new halloween video,1
481,love song,0
506,help shakira become first female hit 1billiom views    39  decided watch video least one day  everyday  shakifans r close hit replay button,0
1724,three bigger secrets  think good enough skinny size  bisexual sweat really freaking bad nervous   check secret austin mahone new single,1
240,eminem gets 1 penny per view would 600 million dollars,1
538,oh god go 1 billion replay love shakira,0
1141,hey guys    39  human  br    br    br     39  want human  want sexy fucking giraffe  br    br    br   already money surgery elongate spinal core  surgery change skin pigment  everything else  like post others root dream      br    br    br   im fucking  make music  check first song   rel  nofollow  class  othashtag  href     giraffebruuh,1
264,90   39  rap fans  check big pun    39  beware   39  cover  likes n comments much appreciated,1
1104,still day wonder video popular   illuminati confirmed,0
1687,watch videos xx,1
1600,watch maroon 5 latest 2nd single v  always  wwwyoutube  comwatch  vtq046fuau00,1
320,hope everyone good spirits   39  hard working student   39  also passionate singer look foward day make music share   39  covers  check channel    39  done covers miley cyrus  imagine dragons  lana del rey  drake  macklemore  pink countless others  subscribe want  goal   39  become famous inspire fyi   39  spamming  everyone right freedom speech  thanks,1
1621,hey guys go check video name  growtopia story,1
848,projects effects  music  foto  web sites another find buy,1
551,lol love song,0
873,969210 dislikes like dislike,0
1302,see back 2015 ask people got like song  seems like gangnam style copied style though  might yea,0
1296,like song  br,0
597,please visit channel,1
541,yea stil best wk song ever  br   thumbs think  br,1
1854,nature beautiful  need place tits video impress people,0
202,super rihanna,0
1438,href,1
626,14 year old boys trying enter music industry maybe dreamers  one  please give us one chance prove ourself  know things annoying hell sorry   anything get music heard  please visit channel subscribe like thumb comment everyone see made song called  wan na play game please take look channel thankss,1
1309,thumbs   39  watching 2015,0
1522,check video youtube,1
1494,check video youtube,1
359,person loves real music listen  quot  cruz supat  quot   br   awesome fuck    eminem used,0
1613,treu detective alternate ending,1
169,holy crap  800000000 views,0
1287,thumbs fefefefefegelein brought u,1
1180,fuckin love song   br    br    br      39  sexy know,0
1831,hey  nerdy peach new youtuber would mean absolute world could check em   lt  3 hope like,1
698,check bands page youtube killtheclockhd  check original songs including  quot  disguise  quot,1
1843,would rather hear propa explicit gangsta rap insted garbage  song trash,0
914,ehi guys subscribe channel  new youtuber play minecraft thanks guys   subscribe,1
857,thumbs u checked video see hw views got,0
1892,almost 1 bil   wow  gs sucks  opinion,0
1558,best song ever,0
1022,pray little psy,0
297,lol thats guy animal planet lost  girl megan fox think hahah,0
1391,please suscribe bored 5 subscribers try get 20,1
1541,subscribe u think  quot  swag  quot  fucking stupid,1
398,hello friends  young 15 year old rapper trying make something nothing  please take second life check videos help reach dreams  god bless,1
553,subscribe channel recording fifa 15 goals watch,1
1449,check video youtube,1
389,hay honesty wright 12year old love song thank makeing song love song much sometime harts get breaken people kill self go cazzy love much thanks keep go make sure dream comeing rule good luck,0
671,best song eva,0
0,447935454150 lovely girl talk xxx,1
167,spousal abusue cool   39  great,0
526,remember torunament like today,0
604,check playlist youtube,1
15,href,1
32,one best songs music history,0
1211,love songs,0
1781,man beautiful,0
682,shakira love,0
990,many views,0
1290,world shuffle,0
1252,best song ever  br,0
1815,katy perry sing shit  hear autotune,0
256,39  believe watched brand new adult video clip rihanna screwing black basketball player check video right wish  crazycelebnewseupn,1
348,ladies  check link    39  find hottest hairstyles latest trends women  go site   39  upgrade hairstyles fashion senses higher level    39  get left behind     gt  googlbxrosr,1
1586,hey guys  mom said got 100 subs christmas get kitten always wanted kitten please watch videos like subscribe like   please mean comments,1
1469,like subscrib watch 2015,1
1527,check video youtu,1
770,hey music fans really appreciate take time read  check music    39  15 year old boy dreaming successful musician music world  lots covers  piano covers    39  money advertise  simple thumbs comment  comment videos subscription would step forward  seconds life   39  regret    thank u people give chance,1
1416,check playlist youtube  tried,1
1297,wow dance show,0
794,watched large amount views convinced girl hot,0
847,hey everyone   started first yt channel would grateful peoples could check first clip bf4  give advice video could improve  also sure go check see im  thanks time    haters  hate  win,1
288,coffee  lovers  please  read  check song wrote sing tube called coffee lovatype coffee lova like spell already tube hit enterthen look video titled coffee lova hit enter blast,1
1270,views nikki minaj anaconda,0
345,hey everyone check channel leave like subscribe please song want post name comments get   thanks,1
1041,fuck keeps updated  comments   5 minutes ago  song   2 years 4 months ago,0
923,mix  psy  gangnam style   mv  psy  gangnam style   mv,0
171,love song,0
1316,omg,0
784,hello everyone  intention spam truly sorry anyone annoyed please hear  rapper  singer  music producer song writer making music  eight years exact  enjoy making types music anyone listen    39  talking killing anyone importantly  focuses quality music  please check page    39  click away  thank nice day,1
991,omg 2 billion views,0
190,guys check extraordinary website called zonepacom  make money online start working home today  making  3000 per month zonepacom  visit zonepacom check  answer rehabilitate blushing limit  push depreciateds steel  beautiful selection edit range,1
1193,2 million view anymore,0
1754,love sooooooooooooong love katy perry,0
1143,party rock,0
947,think place promote channels comment section lol,0
779,subscribe channel,1
669,waka waka,0
439,subscribe channel x please   spare,1
628,guys check extraordinary website called moneygqcom  make money online start working home today  making  3000 per month moneygqcom  visit moneygqcom check  fragile swim enlist person  ice audit frequent son  fantastic chance describes rate,1
718,quot  help humanity sign link wholehearted support say  quot   quot  discrimination  “ united stand “ bring change together  impossible says possible  quot  winners success  cheers loving brothers sisters  please share link facebook support discrimination  tinyurl  dot  com  slash  mxh2y77 fear none god,1
880,sub channel,1
44,check playlist youtube,1
280,share like page win hand signed rihanna photo    fb  fans rihanna,1
1043,5million comments 279898 youtube users  5million fake account psy hacked youtube,0
1163,awesome song needed 4 years reach 800 mil views tango switch bitch needed 1 year  fairrrrrrr,0
1358,check video youtube,1
1570,everyone please go subscribe channel loon videos,1
472,remember song,0
1500,subscribe channel yo  dj feelz,1
291,getting 1billion views  holy moly,0
1451,check dance videos     39  disappointed    rel  nofollow  class  othashtag  href     kinglothedancer,1
216,check fantasy music right      gt  the1fantasy good music man,1
891,suscribe channel please xd lol,1
1118,haha funny see salt westerners top views youtube goes video dont even understand  keep salt,0
1215,5 years,0
1317,39  guys jacket  1 sleeve sleeveless arm,0
875,omg oldspice spraytan party commercial omg  sitting  real thing  omg,0
456,39  think song ever get old,0
660,1 753 682 421 gangnam style,1
111,charlie lost,0
372,super,0
97,rap  cool rihanna  sttuupid,0
1774,wow sexy xd,0
1203,views    39  90000,0
527,thank  please give email,1
1371,check video youtube,1
1185,time 2011 shirt cool,0
1588,take break katie help reach 100 subscribers month  new music free downloads,1
296,subscribe u love eminem,1
702,please check video called  quot  love mind master  quot  thanks,1
17,check channel nice beats,1
123,check new hot video dante b called riled,1
943,check men put allot effort music unfortunatly many watch,1
979,viewed video world,0
795,peoples earth  seen perform every form evil leisure  cease reveling hate  behold  murder innocent day night plot evil neighbor  stand rights commit abomination clap hands wickedness celebrated openly streets   perverse abominable generation  shall repay   hear word lord  trumpetcallofgodonline  co,1
206,fav,0
762,subscribe   subscribe back,1
936,justin bieber  gay,0
696,subscribe  amp  like watch  v5tu9gn1l310,1
725,shakira best,0
1499,check video youtube,1
691,check covers please,1
1055,views queen michael jackson  2 billion views omg,0
641,guys check extraordinary website called zonepacom  make money online start working home today  making  3000 per month zonepacom  visit zonepacom check  plausible summer submits behavior  grass check peaceful seat  country strategizes edge,1
1814,glad know im one knows katheryn birthday today   happy birthday katy  sister   seriously birthday,0
1864,katy perry songs best songs women artists,0
178,amazing song,0
1429,check video youtube  opponents mm  br    br    br    br    •  ••••¥¥£££  br,1
1546,nezo ed  br   like  amp  share page facebook please,1
1775,looking new music listen check cece song called dead2me itunes music video right youtube,1
1020,loool nice song funny one understands   love,0
575,nice,0
1658,wow nice congrasulation live much,1
921,5 milions comentars 2 bilion views,0
12,alright ladies  like song  check john rage    39  smoking hot rapper coming game    39  better eminem lyrically    39  hotter  hear songs channel,1
81,like comment type 1337,1
1375,check video youtube,1
1813,like  katy perry 600606,0
1512,check video youtube  old track still bad,1
764,please  check channel   subscribe back,1
1420,like comment still jam song 4 years,1
292,best song,0
4,hello   39  palastine,1
1830,please look dhg songs playlist bunch amazing songs,1
442,rihanna looks beautiful red hair,0
985,people  new network like fb  register also free  difference get paid sharing  commenting liking posts one  waste time fb sharing paid   register make also money everyday posts   wellcome everyone,1
1065,come watch video called odowd crowd zombie movie part 1,1
1003,please friend read book repass,1
298,song true insane boys girl true people say guy never girl boys liers stop treating us girls way suck,0
511,nice song,0
1147,awsome  br,0
1677,really want video get 1 billion views  would amazing,0
1028,002 u see camera man glasses,0
29,rihanna absolutely gorgeous video,0
1713,follow instagram bigboss286,1
1627,sorry katy perry  weird  still love  lt  3,0
1531,man check raps channel im better rapper nigger fools,1
1268,memories,0
1029,comment wrong,0
1873,check video youtube  facebook lhudygirlamaya,1
1034,people say  song old  point listening  suck  stfu enjoy music   mom old still listen right,0
321,check channel rap hip hop music,1
55,subscribe secret videos,1
1554,every bady yust good time,0
1442,like comment reason,1
1514,check video youtube,1
1750,playing song baby belly started dance  sooooo cute  take song cause copy right add youtube made song  still sooo cute baby danced song lmfao,1
661,fucking bitch,0
605,hey guys love check girl name cause knows dance search ej ba dancing,1
1718,nice song,0
227,39  admitting killed girlfriend,0
1510,hi everyone cool check sexy know,1
1068,wow video viewed youtube video  second comes justin bieber baby smh world come,0
494,nice vídeo shakira good,0
126,2010,0
1619,hi      ’ twin melody 17 year old twins   covers   cover birthday katy perry   please take 1 second watch   thanks  merci  gracias  danke  obrigado  grazie …      lt  3 xx nice day,1
1626,follow watch videos   follow watch videos   follow watch videos   follow watch videos   follow watch videos   follow watch videos   follow watch videos,1
1124,mind  checking views,0
1092,follow 4 follow vaahidmustafic like 4 like,1
543,like song,0
362,hi guys   check remixes   thanx   39  great   swag,1
686,god hot,0
1465,check playlist youtube,1
399,beautiful song,0
142,watch  varkglzjqup0 like comment share video em win     ytma,1
1871,great song  know katy buys views,0
1631,like gorlingoltz syndrome support community  alone,1
1825,katy perry  roar  official   soundsofsunday  music,0
1081,youtube money,0
437,best  song  ever,0
1033,dumb guy  2 billion views 7 million people earth    also  know 11 equals  111  smartie pants,0
96,eminem ginius stop,0
1497,check video youtube,1
1348,subscribe plzzzzzzz plzzzzzzzzzzzzzzzzzzzzzzzzzzzzzzz,1
1293,shuffling way lmfao  like one  wish could shuffle like crazy dudes,0
520,love  p,0
1700,fucking shit  first notes  becomes clear  complete utter shit  may god come cleanse earth complete utter idiocy humankind,0
1114,think drunk   x,0
113,need instagram followers photo likes  check igblastcom get em minutes,1
369,favorite song,0
1421,subscribe,1
1551,check shit channel  br    br    br   subscribe like,1
208,check video youtube,1
803,check new mixtape       check new mixtape       check new mixtape       check new mixtape       check new mixtape       check new mixtape       check new mixtape       check new mixtape       check new mixtape       check new mixtape       check new mixtape       check new mixtape       check new mixtape       check new mixtape       check new mixtape       check new mixtape,1
1385,subscribe  leave name subs back,1
411,love eminem  lt  3,0
276,ayyy u guys please check rap video im 16 n im juss tryna get love please chrck thank u,1
1013,im rappersongwriter  check video please  also subscribe thanks   tell think,1
465,like,0
1064,stupid humanity,0
1628,big fan song video awesome,0
346,want make easy money  check page tvcmcadavidweebly  com dont miss opportunity,1
1779,like page please  ¬iftfbpagefaninvite  amp  actorid1442646731,1
377,4th watched video youtube  hes 21 subscribed channel youtube  recentley surpassing justing bieber less 100 subs away beating taylor swift,1
228,check tube keithlinscotts one word keithlinscotts tube com,1
443,857482940 views awesome,0
160,video kinda close 1 million views  br,0
154,guss song one worst fears life  someone abusive towered live,0
1548,subscribe channel,1
1848,katy perry  roar  official   love song video katy perry rocks wahoo,0
422,love song,0
1343,like comment watching 2004,1
486,love shakira,0
1325,check video youtube,1
664,like,0
824,subscribe like comment,1
1770,cmon katy close 14000000 subscribers  come another hit like happen,0
1169,always favorite song  br   favorite part  href    340     href    411   video,0
129,song nice,0
238,go check eminem survival,1
1618,paused music  clip  movie,0
1571,like comment reason,1
643,subscribe,1
215,check cover love way lie please,1
1359,check video youtube,1
542,liked  br,0
1409,check video youtube,1
1101,come check new youtube chhanel  going posting daily,1
817,hey  check new website   site kids stuff  kidsmediausa  com,1
656,beutiful,0
555,subscribe wil subscribe back,1
1741,awesome video one favorite songs,0
610,check video youtube,1
159,tell us title like subscribe music fgw please,1
11,love song,0
896,one video channel brother,1
733,ways make money 50k per month search google  gt   gt  9nlmemakemoneywithoutinvestment1,1
148,check video youtube   href     eminem ft rihanna  love way lie,1
318,hey mes   39  young coming rapper wan na get music heard know spam wont get fame  moment got way getting little attention please favour check channel drop sub enjoy  im getting started really appreciate take time leave constructive criticism already got 200 subscribers 4000 views first vid ive told potential,1
205,rihanna beautiful amazing love much forever riri fan,0
1528,lmfao crazy dope    check music channel minute  would mean lot  much love,1
904,videos half way decent  check want,1
652,subscribe channel    lt  3,1
79,megan fox,0
1230,lets party,0
1614,new makeup transformation integrated lookalike feature available ver 113  know look like  install update version makeup transformation visit google play,1
888,check first video,1
68,check channel funny skits  thanks,1
844,dafuq korean song big usa  mean support koreans  last time checked wanted bomb us,0
546,amazing song,0
1486,subscribe channel  br   tweet  amp  follow twitter therealterrell  br   follow back,1
467,voice sounds weird plus   39  cute blonde,0
1534,check video youtube,1
726,nice,0
1747,esyest money ever  join team,1
70,please read please  country singer trying become someone  would like videos please  type  boys round country girl  computer  wasting tears et  please subscribe like,1
1206,likeeee,0
559,wanderfol love miusic,0
868,im check much views,0
579,underrated better  br   katy perry   saying katy bad meaning songs  shakira  br   meaningful songs songs bring memories vibe   39  miss   br,0
693,echa un vistazo la remezcla   check remix  miley cyrus  wrecking ball  house edm remix  miley cyrus  wrecking ball  vincent remix   click  enlace  suscríbase    click  link  subscribe,1
466,check playlist youtube,1
801,check new mixtape       check new mixtape       check new mixtape       check new mixtape       check new mixtape       check new mixtape       check new mixtape       check new mixtape       check new mixtape       check new mixtape       check new mixtape       check new mixtape       check new mixtape       check new mixtape       check new mixtape       check new mixtape,1
407,maybe one probably read  case put  quot  thumbs  quot  others see  started rapping seriously  type lunden 1990 video  simple button  help dreams come true  people ignore   39  listen subscribe thank god bless,1
1881,love song,0
1720,sheep  period  terrible music,0
260,know maybe one read please type  quot  deazy99  quot    39  rapper dream  know must see like millions everyday please check music subscribe   39  like thank  would love nothing decent following youtube people anyone reading could give  quot  thumbs  quot  might see simple button press could make dream come true  thank time  amp  may god bless,1
782,check new video,1
224,megan fox,0
1269,lovee,0
1642,looks fun good song,0
606,want win money hopme click  href      39  work 100100,1
1461,check video youtube,1
1221,sooooo many downs,0
818,subscribe channel,1
1394,hey  subscribe peace world,1
993,follow twitch enter keyword  5800 chance winning really nice expensive gun csgo sell steam market,1
14,boyfriend charlie tv show lost,0
1683,song good got overplayed hell radio,0
182,like,0
197,2015,0
523,lt  3 song muchshakira really good artist,0
846,sub 4 sub please like comment want succesfull youtube pplease like comment subscribe takes 10 seconds please subscribe ill subscribe back thanks,1
1106,getting old,0
1805,rapid facebook   free version colors characterized fast beauty download,1
1759,eye tiger   champion  seems like katy perry using titles old rock songs lyrics,0
1250,best song ever made swear  still hear even doe old   else,0
440,check videos guy    hope guys good laugh,1
869,first comment chuck norrus ovbiously,0
838,subscribe free android games  apps,1
683,beautiful,0
1091,awesome smart    sucscribe,1
201,wish guy   39  protective geeze,0
104,yo know nobody probably even read  ’ gon na type way hope least one person   39  rapper dream  know   39  like 200k world please check music subscribe  want  thanks  would love nothing decent following youtube  anyone  reading could press  quot  thumbs  quot  people see simple button press  could make dream come true   thank,1
1577,vote sones please  vips  please help us   gt    lt,1
1550,hey plz check music video  thanks,1
708,ouf ouf ouffffffffffffffffff,0
983,tried new social network tsu  new social network special thingyou share posts well fb twitter even get paid registr,1
813,hey guys check new channel first vid us monkeys    monkey white shirt  please leave like comment please subscribe,1
1525,check youtube channel rap,1
773,hi  check share songs,1
1280,shake golden black robot really partying,0
343,terrance  thank serving country   quot  like  quot   quot  subscribe  quot,1
608,could spanish people understand   br    br   way   39  subscribe brake things  br    br,1
241,check leandrus  playtime   39  awesoooome,1
1560,check free stuff watching videos filling surveys  br    br    href,1
1846,love    u make smile im sad cheer beautiful songs    lt  3,0
155,watch youtube video  quot  eminem ytma artist year  quot  plz share vote,1
356,hey mes   39  young coming rapper wan na get music heard know spam wont get fame  moment got way getting little attention please favour check channel drop sub enjoy  im getting started really appreciate take time leave constructive criticism already got 200 subscribers 4000 views first vid ive told potential,1
261,hey guys please spent one minute   im singer srilanka im 18 year   39  old  sooo like great singer one day hope would happen really life  view videos rate let know voice please help us guys closer living dream    really know   39  helped read comment heshe understand feeling  thanks guys lv u really much  subscribe channel onece thank u,1
1659,7 bilion poeple earth stop dumb,0
1610,help click subscribe mai nguyen  thank,1
40,im gon na share little ryhme canibus blows eminem away quadrillion times especially categories intelligent things mind  learned rapped forgot eminem spit first rymeluv ya linz 4e,1
1314,party da tonight,0
1275,dang dat little kid gat moves,0
894,ching ching ling long ding ring yaaaaaa ganga sty fuck,0
1201,love song makes wan na dance,0
246,amazing song,0
659,perfect,0
137,song better monster eminem,0
1772,honest opinion  mediocre song  nothing unique special music  lyrics voice  nothing memorable like billie jean beat  millions fans reply hate comments  know democracy people free see want  right express opinion  please reply dumb comments lie  like watch   came see buzz  661 million views    like saw  ok,0
504,check video youtube,1
1260,song fu cking awesom,0
1584,nice,1
1672,great song go katy,0
1612,thanks video know nokia phones survive plane crash,0
946,check channel please  singing covers,1
277,come subscribe channel     please,1
1832,00  39 im pretty sure tiger wanted hug,0
1693,loves vena  trojmiastoplvenabustaxio59253html,1
584,hi  nice song shakira   sorry bad brazilian,0
972,please subscribe,1
1745,else would give katy perry good old mighty roar,0
156,made five years ago people still   39  understand message song conveying    39   understand domestic violence game  women like fictional one video exist  living lives man abuses  still chooses stay love  sexual feeling gives  quite sad  actually,0
212,cried song bringing back hard memories,0
1472,check video youtube,1
213,subcribe us subscribe back,1
1304,party rock due duel,0
1888,please subscribe us thank,1
192,good music,0
1102,hav absolutely idea saying  even language,0
1640,please share help friend  thank much,1
1063,little kidz like 7 8 billon people earth 7 8 millonget facts straight posting comments,0
460,whose watching 2015 hi5,0
562,pleasant hear  haha  good,0
1780,video racist    animals,0
630,stop wasting time get paid mess around facebook twitter  get paid upto  25  35 hour  4netjobscom work comfort home  currently hiring people world  wide range social media jobs sites facebook  twitter youtube    39  need prior skills experience begin work immediately  easily make  4000  5000 monthly income…only 4netjobscom,1
1782,want win borderlands presequel  check channel,1
535,heard 6 years old still love,0
349,hi bangladesh,0
1202,good  like,0
317,hey guys guys please subscribe channel    39  young rapper really dedicated post video everyday  post verse  16 bars   part song  everyday improve   39  365 days  right   39  day 41   39  whole year without missing one day guys please subscribe follow journey dream watch improve  really means lot thank      39  let promise     39  lyrical keep real,1
1381,party next share,1
809,wow,0
1709,gt  attention katycats  katy leads 7 noms year mtv ema  vote daily  tv  mtvema  comvote  delete spaces  thumbs share fb,1
1010,2 billion views piece shit   r e  u  k n g  e,0
1374,check playlist youtube  י  br    br    br    br,1
720,part 2 holy mary  pray us holy mother god  pray us holy virgin virgins  pray us mother christ  pray us mother divine grace  pray us mother pure  pray us mother chaste  pray us mother inviolate  pray us mother undefiled  pray us mother amiable  pray us mother admirable  pray us mother good counsel  pray us mother creator  pray us mother redeemer  pray us,1
1086,follower please,1
1490,check playlist youtube,1
1557,one makes wan na party like lmfao  wan na rage every time one songs comes  band  quot  rocks inc  quot  kids know party,0
384,love lie good,0
870,behold viewed youtube video history ever,0
1696,big fan love,0
214,song bad,0
1598,hi guys  check awesome edm  amp  house mix   thanks lot,1
1405,like comment watching 2015 2016,1
243,know maybe one read please type  quot  deazy99  quot    39  rapper dream  know must see like millions everyday please check music subscribe   39  like thank  would love nothing decent following youtube people anyone reading could give  quot  thumbs  quot  might see simple button press could make dream come true  thank time  amp  may god bless,1
363,please check youtube channel  uploaded first youtube video please check  regret,1
364,eminem best rapper time,0
1491,check playlist youtube  pl,1
961,look channel make minecraft pe lets play,1
1869,love subscribed,1
1476,check video youtube,1
819,turned mute soon came wanted check views,0
684,shakira beautiful,0
436,know sean kingston got famous   39  look kid hard   hit message inbox subscribe check channel  sounds fair,1
821,u shouldd check channel tell next,1
1666,maybe best music video last 15 years  pop music done folks,0
383,love eminem,0
1760,perfect wonder,0
1828,people believe illuminati stupid people believe 911 made american government,0
1737,hi beaties  made new channel please go check subscribe enjoy,1
557,5 years soon,0
1329,cool    39  heard,0
250,love thisthe talents eminem skylar  works well together,0
1326,df lauren bennett,0
1107,please subscribe,1
1342,good party,0
1200,love song makes wan na dance,0
316,hello  made one eminem song channel  could guys put like please    39  need subscribe  thanks,1
1543,abomination  subscribe agree   party channel  cool lights,1
1533,like comment,1
1066,know song sucks dick need use google translate know fuck saying,0
595,check playlist youtube  central,1
71,check video youtube,1
1437,check video youtube,1
1690,selfie alert,0
191,guys check extraordinary website called zonepacom  make money online start working home today  making  3000 per month zonepacom  visit zonepacom check  view disclose macho lift  letter frame thundering cause  talk prevent conscious memory,1
998,2126521750 views,0
1098,new goal  3000000  let go,0
1307,check video youtube,1
834,marketglory  comstrategygameandrijamatf earn real money game,1
1181,shuffle hard made earthquake nepal,0
332,please check video called  quot  love mind master  quot  thanks,1
1716,find make freakin jungle,0
1467,check playlist youtube  hbbhhhgh,1
1377,check video youtube,1
1515,hi everyone  like music  check music channel  lexis band uploading songs covers soon   39  miss  please subscribe help us lot  takes one click    gt,1
1450,hello russia comes channel subscribe,1
1308,could finally spongebob started yesterday xd,0
51,2nd best song im gone  amp,0
739,wats good go check music da channel ik yall got,1
566,cutie girl beautiful song,0
510,uncle said stop smoking comment gets 500 likes  please like comment  thanks,1
1542,tuto subscribe channel sign 17 l please thank   39  anything sign lot good video usually,1
572,gusttavo lima você não conhece  br   check,1
37,fuck eminem  bieber best  lt  3,0
754,check irish guys cover avicii   39  wake  search   quot  wake fiddle silly  quot  worth listen gorgeous fiddle player,1
60,love way lie   quot,0
470,still watching 2015,0
1113,world record youtube video views       xd,0
1148,wow       increible song,0
563,love,0
242,check video youtube,1
35,check video youtube,1
1886,please click link,1
1423,video 800m views  br   channel got 3m subscribers,1
1082,2 billion shit,0
518,pisses bit blank space views  868 mio   meh,0
1436,check playlist youtube,1
624,guys check extraordinary website called firepacom  make money online start working home today  making  3000 per month firepacom  visit firepacom check  lake  duzafizz  singlewave  spourmo  burder  colorful  claster  incandescent  ambitious  winooze  absorbing  macabre  crestboot  boxium  womanly  tan  ybuwyn  forgetful  pepelexa  zealous,1
642,check channel,1
1005,still best,0
251,share video  song beat psy  gangnam style,1
1518,sup gus video people loves party rock thanks watching please subscribe,1
1474,check video youtube,1
915,hi everyone  like music  check music channel  lexis band uploading songs covers soon miss  please subscribe help us lot  takes one click    gt,1
1247,love song much,0
1312,hate laura bennett comes,0
1120,imagine guy put adsense views  u could pay ur morgage,0
1127,please like frigea marius gabriel comment,1
574,5 years ago damn,0
1729,popular video youtube,0
1667,love katy perry  lt  3  lt  3,0
1456,check playlist youtube,1
125,love way lie  driveshaft,0
175,love mom,0
1396,check video youtube,1
1017,prehistoric song,0
649,hello guys  found way make money online get paid mess around facebook twitter  get paid upto  25  35 hour  4netjobscom work comfort home  currently hiring people world  wide range social media jobs sites facebook  twitter youtube   39  need prior skills experience begin work immediately  easily make  4000  5000 monthly income…only 4netjobscom,1
1132,something dance  even sad dance   psy  gangnam style   mv,0
885,free cs go,1
327,need get 1 billion views,0
322,br,0
468,many dislikes  song  awesome  sounds like must stop racists    could  would like 1000000000 times,0
1162,yeah  let   39  start party,0
1338,3,0
931,crazy  2 billion views  us  uk  korea republic  asia,0
1860,figured dislike song  supposed power ballad right  something uplifting motivating end  however  final chorus extra umph end actually sounds like first one  instead crescendoing powerful finish   roar  says wavelength  falls flat,0
1330,xd going crazy fuckin crazy watchin brah,0
119,subscribe daily vines,1
1015,video started whole  got dick stuck elevator  excuse thing,0
582,makes happy instantly  makes forgot everything bad happening,0
1145,omg,0
177,please check new song  music video  ad  dont play,1
657,39  pretty,0
1867,hey guys  know tend skip comments  take look first  free fire  big room  progressive house  deep house  dubstep  amp  chillstep producer small town missouri   support community  really ask critiquing  support  views  music gotten much better 10 months ago  promise new content satisfying  soon able advertise wont pester guys anymore  gim chance check music  thanks god bless,1
1802,forget choice  fuck  surviving plane crash 11000 chance happening,0
849,youtubecodytolleson awesome videos subscribe back,1
1344,check video youtube,1
1821,love katy perry  lt  3,0
854,subscribe     channel,1
1746,omg love katy parry songs rock                  thats total subscribe,0
1133,everyones back lool almost 3 years old people still hear  xd,0
866,friendcd92db3f4 great game check,1
106,subscribe feed,1
768,check partyman318 fr good tunez,1
223,check channel im 15 year old rapper,1
1481,check video youtube,1
1699,interested making extra money internet use next link wwwswagbuckscomrefernonturtle02,1
646,please visit website  oldchattk,1
1311,lmfao  party rock anthem ft lauren bennett  goonrock,0
1189,well dudes faded fuck,0
1455,check video youtube,1
1756,since katy perry youtube channel,0
969,christmas song visit channel,1
1524,check video youtube,1
1135,watching 2014,0
1039,remove video wank,0
561,best song ever x3333333333,0
1596,people talented talented sponsor,1
676,really   39  comprehend miley cyrus  actually high profile tapes banging today video leeched sucking fucking video posted celebrity website  mileycelebnewscouk,1
986,2 billion views theres 2 million people world         multiple accounts    1111,0
188,ee  everyone could check channel  dundundunnn,1
611,new way make money easily spending 20 minutes daily   gt   href,1
1890,simply put  customers love us,1
196,video deserves  b  1b  b  views,0
220,guys check extraordinary website called zonepacom  make money online start working home today  making  3000 per month zonepacom  visit zonepacom check  mammoth waste achieve shock  limit reduce delicate minute  meaty scale adapt oil,1
46,love,0
942,stupid people  video doesnt 2 billion visits  2 thousands millions,0
1123,look pictures  difficult,1
1139,href    219   best part,0
586,shit sooooo autotuned,0
556,best singer,0
105,best song,0
1601,help please,1
237,gets views less subscribers lol,1
631,love      one fave songs subscribed,1
498,beautiful american,0
1620,nicee   sabrosura viva,1
1110,check music videos  please subscribe     fuego  u la la remix hyperurlcok6a5xt,1
1638,finish dissertation  laugh face finish  roaaarrr 3,0
1448,check video youtube,1
1516,subscribe,1
1705,least get rid completely useless makeup,0
1594,katy perry u sit face please  would really awesome give 5 dollars  ok want please call subscribe channel first ok thats good u sit face ill get erection sit k,1
1294,5th viewed video  guess,0
1556,love song much,0
622,subscribe daily vines,1
445,love song,0
645,please visit website  oldchattk,1
899,video many views  asian things awesome nonasian countries jelly try learn asia looking video,0
134,guys check extraordinary website called moneygqcom  make money online start working home today  making  3000 per month moneygqcom  visit moneygqcom check  lake  waratel  misty  exciting  swoquix  acaer  chillpal  tupacase  arrowgance  lively  hard  idiotic  bored  cool  ablaze  crabby  aloidia  cheilith  feandra  useless  ploosnar,1
3,cool,0
424,really good song   br   know love song song,0
633,make lot money fast,1
295,hi loving,0
685,good,0
499,thumbs watching 2015,1
107,everyone go share youtu bearkglzjqup0 fb  twitter  g vote eminem become artist year first ever youtube music awards    get method cheat internet roulette eminems video  shady artist year,1
658,like,0
290,many comments,0
366,thumbs think 1 billion views,0
342,like mmph version better,0
1340,shuffle,0
1021,like came see many views song,0
336,check lyrics watch  vyuttx04oyqq,1
783,hey music fans really appreciate take time read  check music    39  15 year old boy dreaming successful musician music world  lots covers  piano covers  dont money advertise  simple thumbs comment  comment videos subscription would step forward  seconds life u   39  regret    thank u people give chance means lot,1
1372,check video youtube,1
1440,need money  check channel subscribe  soon post get,1
87,finally someone shares opinion    39  tried really hard like gangnam style   39     39  even get dance either  song like popular gangnam style  least makes sense,1
1097,please throw sub channel,1
49,check video youtube,1
663,shakifans,0
1681,katy perry garbage  rihanna best singer world,0
1332,way guy warring robot head,0
1880,nice  nice,0
16,take look video youtube,1
1695,katty perry please say one new videoes follow girls girls please,1
1427,check video youtube,1
306,could guys please check channel hiphop beats,1
1887,come check parody,1
1362,check video youtube,1
1639,old whore,0
982,click,1
1401,like comment   39  watching video big bang happened  br,1
928,guys please subscribe help channel grow please guys,1
1513,check youtube channel cool beatboxing,1
386,hey mes   39  young coming rapper wan na get music heard know spam wont get fame  moment got way getting little attention please favour check channel drop sub enjoy  im getting started really appreciate take time leave constructive criticism already got 200 subscribers 4000 views first vid ive told potential,1
1177,party rock  xd,0
713,love,0
1453,pleas subscribe ps4 games video  br         br   som tips contact kik skype  br         br   kik  pander26  br   skype  sandernicolaysen2  br         br   pleas subscribe kashoo gaming,1
1031,205 hahahahah,0
1088,reach 100 subscribers tazz self friend,1
185,••••my name george let tell u eminem idol inspiration    39  listen growing  never thou would love rap much thank helping find dream  rap make youtube videos yesterday covered song mockingbird   39  channel worked really hard   39  one favorite songs  please go check subscribe would mean world n sorry spam ••­••   39  hate   39  eminem,1
1463,href,1
893,123,1
865,subscribe like videos minecraft,1
952,oppa  yeah  best song,0
337,39  understand song  passion women feel like im losing mind   39  understand ideas loving way someone lies,0
427,classsic,0
101,u go check j rants vi eminem,1
634,visit  quot  ww estiloproduction com  quot  best website make money,1
1050,still fun music video watch,0
130,guys check extraordinary website called firepacom  make money online start working home today  making  3000 per month firepacom  visit firepacom check  lake  busyglide  sasaroo  sore  chillpal  axiomatic  naperone  mere  undesirable  agreeable  encouraging  imperfect  roasted  insidious  modgone  quickest  trelod  keen  fresh  economic  bocilile,1
1563,awesome,0
313,hey guys wouldnt mind  could check boys music  made real lyrical song  search dna andrew guasch  appreciate  leave real feedback keep hiphop alive,1
1717,cute monkey,0
1323,870000000 views  566000 comments  oh lanta,0
587,stil lisening,0
1037,jap piece shit  worthless fish head  dont know one likes dumb untanlted gook  isnt even fucken music  fucking sad even thing  people fucked,0
534,song beauty,0
165,sorry eminmem worthless wife beating bastard,0
796,song always gives chills,0
1857,katy perry  roar  official,0
804,waka waka rules,0
61,check video youtube,1
1758,rekt ur mum last nite  cuz da haterz 2 much 4 meh lik dis u cri evertim sponswer mi robox vidz  home,1
150,guys check extraordinary website called moneygqcom  make money online start working home today  making  3000 per month moneygqcom  visit moneygqcom check  memory ferirama besloor shame eggmode wazzasoft sasaroo reiltas moderock plifal shorogyt value scale qerrassa qiameth mogotrevo hoppler parede yboiveth drirathiel,1
334,agree damn spammers  suck  im trying get known  know feeling  help leave likes comments page  hope could maybe subscribe would awesome thanks,1
501,subscribe please    39  promise   39  sub back,1
1301,laughing fucking ass,0
1094,add mee  lt  3  lt  3,1
1479,check video youtube,1
425,eminem greatest artist ever touch mic,0
269,eminem  lt  3  br   best rapper ever  lt  3,0
365,omg  guy sounds like american professor green,0
1685,greatthis song,0
331,great song,0
1488,check playlist youtube,1
90,still listening  still pleasure,0
636,stop wasting time get paid mess around facebook twitter  get paid upto  25  35 hour  4netjobscom work comfort home  currently hiring people world  wide range social media jobs sites facebook  twitter youtube    39  need prior skills experience begin work immediately  easily make  4000  5000 monthly income…only 4netjobscom,1
229,check mummy chanel,1
589,love shakiria,0
62,guy win dollars sleeping  loves planet full retards,1
47,haha    39  believe many kids listen eminem  kids know drugs ends high jail  wonder never ended od,0
812,huh  anyway check  tube  channel  kobyoshi02,1
1647,katy perry inspirational singer voice awesome loved much  achieved music history believe  guys could take 1min go channel watch first video would greatly thankful   ty guys n katy still awesome xoxo,1
1103,please check vidios guys,1
1328,awesome,0
271,check channel see rihanna short mix,1
382,watch  vaimbwbfqbzg watch subscrible,1
793,check video youtube   br    quot  time africa  quot   one trayvon  motherland  br   thankyou shakira,1
1151,miss people dressed like,0
471,shakira favourite singer  wooooo,0
1646,click itunes code,1
77,charlie lost   br,0
1024,follow instagram  chriscz,1
536,nice song,0
1567,looooooooove song,0
1384,check video youtube,1
709,awesome,0
289,hey guy please subscribe channel im young dedicated rapper post videos everyday improve writeperformrecordmixeditpost everyday verse everyday  16 bars  improve   39  365 days whole year improve right   39  day 46 guys please like comment everyone see follow journeywatch improve everyday subscribe please   39  lyrical keep real help reach dream  help build fan base  thanks,1
647,hello everyone name   39  anderson   39  singer  expecting buy subscribers words gain voice  might best voice different  good way    39  work harder anyone get better    39  cuz  quot  yeah  quot  dream huge one     39    please take 3 minutes time check covers  give chance   39  regret feel like subscribing   39  awesome   39  mean world thank much,1
968,subscribe subscribe back,1
517,youtube comments like  br   5 years ago,0
69,hahahahah  like vines  subscribe daily vines,1
1083,2 billion views  2 million shares,0
675,haha  miley cyrus done today someone leeched porno video celeb site believe website link  mileycelebnewscouk case want view,1
1099,go channel u want see fly getting burned alive,1
774,hi  check share songs,1
1532,go check video,1
85,fucking song like   39  n oreo white part good 1,0
53,go 1000000000 eminem,0
1742,body like katy perry     looks hot  love,0
747,hello everyone   know probably pass kind comments  still reading  thanks  ’ money advertisements  chance getting heard  nothing  live small town  comes spam  sorry  ’ instrumental songwriter columbus  mississippi  please go channel check original music  would highly appreciated thumbs comment music heard  thank  adam whitney,1
66,2015 im still listening,0
1740,good,0
1751,katy perry awesome,0
743,going call instrumental songwriter theres singing theres song write      lol  got alot learn kid hey   39  forget subscribe,1
1351,iiiiiiiiiii love shake song oh sorry every shake song like watch subscribe never unlike brooooo            shake,1
1074,gangnam style,0
828,edm apparel company dedicated bringing music inspired designs  clothing perfect rave music festival  neon crop tops  tank tops  tshirts  vnecks accessories  follow us facebook instagraml free giveaways news   visit site oncueapparel,1
109,check sexy video,1
103,check video youtube   rel  nofollow  class  othashtag  href     eminem    rel  nofollow  class  othashtag  href     lovethewayyoulie    rel  nofollow  class  othashtag  href     rapgod    rel  nofollow  class  othashtag  href     king,1
1214,check video youtube,1
33,check playlist youtube,1
668,remember,0
1167,super awesome video  br,0
41,check video youtube,1
236,check video youtube,1
822,hey subscribe,1
776,hey music fans really appreciate take time read  check music    39  15 year old boy dreaming successful musician music world  lots covers  piano covers    39  money advertise  simple thumbs comment  comment videos subscription would step forward  seconds life   39  regret    thank u people give chance,1
602,check video youtube,1
1676,hey guys  made amazing smiley tshirtof things wear  expression important remember statistics world ’ measure warmth smile  big fan tshirts want gets happiness  perfect  check buy wwwteespringcomsmiley12    thanks guys much,1
235,rihanna  pour  vincent remix  rihanna  pour  vincent remix  rihanna  pour  vincent remix  rihanna  pour  vincent remix  rihanna  pour  vincent remix  rihanna  pour  vincent remix  rihanna  pour  vincent remix  rihanna  pour  vincent remix  rihanna  pour  vincent remix  click  subscribe,1
5,wow video almost billion views    39  know popular,0
1581,check rapping hope guys like follow message,1
1116,hahah  juyk  allways laugh part 157  lol,0
732,please check video called  quot  love mind master  quot   thank u,1
1404,br      br        br      br      br    br   spooked spookinati  br    br   share 666 people unspooked  br    br    br    br    br    br    br    br,1
800,hey music fans really appreciate take time read  check music    39  15 year old boy dreaming successful musician music world  lots covers  piano covers  dont money advertise  simple thumbs comment  comment videos subscription would step forward  seconds life u   39  regret    thank u people give chance means lot,1
464,5 years later still love song  br   axy665,0
226,hey check channel     please,1
311,eminem  love way lie,0
1042,many memories,0
1173,funny mahogany lmao  actually   39  know brother uncle part lmfao,0
1393,check video youtube   br,1
1059,psy good guy,0
955,search  chubbz dinero  ready  thanks,1
1188,nice     br   yeah fucking,0
964,song name,0
1321,let get video one billion views,0
1212,omg   39  going 1bi views,0
381,hello everyone  please check video  watch  v2b4wywphi8c takes 2 minutes  hope   39  ask much    39  help like  amp  share video please  people see  thumbs  would mean much  maybe make dream come true  thanks everyone  god bless,1
745,please go see channel subscribe     would nice mate,1
1519,hey guys jaylan wanted everybody know yall subscribe please would great  new gaming channel  uploaded yet  upload hit 10 subs thank,1
1769,katy perry  roar  official,0
1246,love soooooooooooooooooooooooooooooooooooooooooooooooooo much,0
496,see  br    href    1hmvtx,1
1282,cooooooooooooolllllllllll,0
1559,best song ever,0
1462,check video youtube,1
294,1 song world even 2015,0
1521,check video youtube  jjiwajwkajajqjaubkm,1
644,hello guys  found way make money online get paid mess around facebook twitter  get paid upto  25  35 hour  4netjobscom work comfort home  currently hiring people world  wide range social media jobs sites facebook  twitter youtube   39  need prior skills experience begin work immediately  easily make  4000  5000 monthly income…only 4netjobscom,1
1625,really hardcore,0
379,love,0
117,youtubecomwatch  v2asfn9shghk  amp  featureyoutube please check song  looking feedback  supporters,1
672,love,0
598,pleas subscribe channel gamezzmta,1
164,20082010 years pop,0
274,check new hot video dante b called riled,1
592,check playlist youtube  br,1
138,good boy     br   krean like eminem,0
522,song special  song africa african,0
1866,love song much   heard much pretty much memorized lyrics,0
1168,dance 3,0
1833,song gives strength  love lyrics  video really brings lyrics life  getting known fast rap meaning  thumbs piss next water toilet quiet,1
400,check channel boys girls,1
1703,hey guys subscribe channel reason  please,1
1004,subscribe,1
120,love,0
1633,opinion think look better black hair blond hair,0
722,nice song,0
767,hi  check share songs,1
279,come check music channel  go check song  quot  love  quot  jemini  amazing person  thank check    39  check   39  still amazing person reading post,1
1353,check video youtube   br    br    br    br,1
1632,subscribe u gon na hear roar,1
323,adam b beats check page,1
1893,katty best,0
403,lover song,0
173,like song much,0
638,hello guys  found way make money online get paid mess around facebook twitter  get paid upto  25  35 hour  4netjobscom work comfort home  currently hiring people world  wide range social media jobs sites facebook  twitter youtube   39  need prior skills experience begin work immediately  easily make  4000  5000 monthly income…only 4netjobscom,1
1126,everyone joking hacked get 2 billion views certain amount people whatever  actually buy views,0
1574,many thumbs louis saving day,1
1792,honestly  wan na see brave  oh wait,0
380,lil      check hi      live way lie many  check    subscribe,1
1634,loved  amazing  omg eyes,0
1655,view258742177367 vote sheldon please guys  give 5 stars  thanks advance,1
1477,check video youtube,1
283,look shares video please,1
392,subscribe like video please,1
877,back quite,0
199,could hear years  3,0
613,channel get 500 subscribers  make happen,1
1712,love,0
820,check channel funny videos,1
1183,still  reminds 1 years back shuffle everyday,0
576,help shakira   39  waka waka first song female artist reach 1 billion views  br    dark horse ahead roughly 100 million views  roar 50 million views   br    href,1
259,first fighting  making,0
67,watched eminem video  beats afraid,0
1306,good dance companions front whole school,0
724,wow,0
426,love rihanna  thailand,0
617,hahahahah  like vines  subscribe daily vines,1
781,adfly  kld3y,1
1070,song great 2127315950 views wow,0
258,never gets old best song ever,0
1665,hey guys  please subscribe channel  gon na filming video hope guys like thank much support  xoxo  leah   lt  3,1
1073,video 2127322484 views 7 million people earth,0
1333,like songs,0
1040,hard  sad   ithat little child actor hwang minoo dancing active child suffering brain tumor  6 month left hard believe  keep praying everyone future superstar   stronglittlepsy  fighting share everyone praying,1
1379,check video youtube,1
1286,everyday   39  shufflin,0
1443,youtube comments nut shell   br    br   first  br   301 club  br   skip  href    357   close eyes  br   advertisements  br   like comment reason  br   christianity arguements  br   religious arguements  br   console wars  br     pcmasterace  br   trolls  br     quot  1 million views video theres online 10 people earth  br   complaints  br   pewdiepie fangirls  br   minecraft scrubs  br   rmontageparodies  br    br    br   shit,1
95,2015 fuck yeah,0
344,thumbs listen 2015,0
927,2124923004 wiews  wow,0
293,subscribe  make music,1
448,shakira best worldcup,0
329,amazing,0
1191,old good song,0
1468,check playlist youtube,1
728,shakira,0
1606,katy perry remind tiger  like spirit animal 3  lt  3,0
1196,check video youtube   br,1
1648,hi guys sell jack daniel hard back cover case iphone 5 5s 5c 4s 4 6  old time 3 dollars ebay,1
1300,good times,0
225,wtf  subscribe channel thanx,1
1046,going voyage first comment  tell family loved,0
1615,named tiger kitty purry  seriously   check video,0
1365,check playlist youtube,1
632,guys check extraordinary website called zonepacom  make money online start working home today  making  3000 per month zonepacom  visit zonepacom check  statement conciliate acidic stretch  earth recognizes money  numberless number transport trade,1
1611,even without make still hot,1
1855,stupid  roared lion real life would dede,0
1100,came check views  p,0
1536,check video youtube   br   looking wood pile   br   anyone seen  hmm    39   br   bout pie  br   ladies    39,1
600,pleas subscribe gamezz mta channel  br,1
1501,hey guys subscribe chanel subscribe back like vids    br    br,1
361,charlie got island dated megan fox  bbut claire,0
452,awesome,0
1675,comment randomly get lot likes replies reason  also like jello  strawberry jello,0
583,love song much  one faves  xxx,0
1078,enough whole  two billion views 7 million planet  get  joking  funny anymore,0
987,wat da fuck viewed video youtube,0
650,subscribe youtube channel     suscribite mi canal de youtube whatuknow,1
1766,blue eyes  trusted  uranus bless america,0
1019,dislike  one knows real music  ex  enimen,0
940,check  starlitnightsky  channel see epic videos,1
1748,katy perry  roar  official,0
390,awesome,0
1154,super nice  love musique,0
249,dude check psy,1
548,love u shakira,0
339,anybody else 2015,0
239,hey    39  16 year old rapper texas   39  rap  quot  pmw  quot  promise music disappoint  search therealchrisking1 find listen track  quot  memory lane  quot  released 3rd mixtape  quot  crown  quot  far   39  nothing good reviews    39  asking like subscribe 1 view help catch dream  could leave comment letting know think would much appreciated also  thank,1
308,everyone come check new gta 5 gameplay right  watch  v6h0m5sayho,1
490,im still watching 2015,0
1218,knows name girl   one  one,0
1447,get views subscribers reason,1
1210,want robot guy,0
325,im mes aspiring young rapper high hopes  know click link check channel  dont want  well choice  fact know dont click,1
1799,love song,0
1150,2015 likeee,0
26,check playlist youtube,1
1419,check playlist youtube,1
1346,check video youtube,1
1688,please check acoustic cover channel   thanks,1
571,shakira different   happy time spending africa    br   dance  sing speaks 4 languages,0
438,check eminem latest track survival u didnt,1
512,waka waka,0
309,check video youtube,1
396,eminem best,0
1896,lt  3,0
689,shakira voice sound spanish make music sound amazing love,0
1061,1 millioon dislikesssssssssssssssssssssssssssssssss,0
737,hey dickwad    39  africans  colour skin tells us something long ago ancestors left africa  check baba brinkman  song called  quot    39  african  quot  go learn something,1
1661,hey guys really want go katy perry concert im contest need lot likes im loosing   please could like picture would nice  thank really want go concert,1
231,charlie  heroin,0
340,hi   39  lil    check love way lie     live performance many others    videos lyrics      thanks,1
1227,epic track  video awesome,0
1213,dance,0
1723,please look channel,1
1739,beautiful bella diagnosed wobbler syndrome  way could afford mri surgery  dog special member family  without surgery fear lose  please help,1
808,love song two reasons  1it africa 2i born beautiful south africa,0
670,makes miss world cup,0
544,like,0
1087,2 billion views wow even baby justin beibs much deserve capitalized name,0
1259,never gets old,0
1208,remeber song good,0
421,megan fox x,0
829,think 100 millions views come people wanted check views,0
729,best,0
136,eminem et rihana trop belle chanson,0
469,nice love itttttttt wurkkkkkkkkkkkkkkkkkkkkkkkkkkkkkkkkkkkkkkkkkkkkkkkkkkkkkkkkkkkkkkkkkkkkkkkkkkkkkkkkkkkkkkkkkkkkkkkkkkkkk,0
1670,almost katys birthday  october 25th lets say happy birthday katy,0
1609,good song like video clip  bout girl airplane crashed land far far away  found way survive  love pet tiget  kitty purpy  lol,0
1727,love green eyes,0
272,every weekend new lyric video eminem view like subscribe,1
110,check sexy video,1
301,u love rihanna subscribe,1
1166,lmfao,0
997,population world 7 billion,0
1171,lmfao  party rock anthem ft lauren bennett  goo…   href     br   box man got moves   makes meh smile,0
371,check berzerk video channel,1
1411,check playlist youtube,1
909,sub channel visuelgamingznl sub back,1
1378,check video youtube,1
57,check video youtube    39  rhinnah,1
1761,home,1
1313,subscribe channel,1
133,love trop fort votre clip,0
1237,strong messages every song   39  heard,0
479,39  awesome entertainer  pretty   lt  3 shakira,0
1192,cool,0
253,check remix tyga   39   molly ft whiz khalifa peace love,1
1507,check video youtube,1
1253,epic,0
1485,check video youtube,1
1652,think drunk shot first half video sec half comes  boobs magically bigger beautiful suddenly  dude practically vanishes,0
52,check video youtube,1
353,hi guys im upcoming rapper could check channel tell think maybe subscribe like would really appreciate haters welcome   thanks,1
514,could 108k people dislike song video,0
503,friend sam loves song,0
1714,elephant broken horn,0
1179,lmfao best songs ever,0
970,subscribe subscribe back     plus nice ass lol,1
141,share eminem   39  artist year video win  could see performance acceptance speech  like comment everyone see  2014  year eminem,1
697,watch  vdtqcftr1fac justien bieber car 2013 like  amp  subscribe,1
43,check new remix     br   click click,1
1108,came check view count,0
1428,check playlist youtube,1
941,plz,1
19,check playlist youtube,1
547,cool song,0
1155,wowwwwwwwwwwwwwwwwwwwwwwwwwwwwww,0
1096,hate song,0
